epoch,steps,cosine_accuracy,cosine_accuracy_threshold,cosine_f1,cosine_precision,cosine_recall,cosine_f1_threshold,cosine_ap,cosine_mcc
0.49557522123893805,56,0.92,0.9245283018867924,0.875,0.98,0.9688570957268339,0.8461141122266493
0.9911504424778761,112,0.955,0.9547738693467336,0.9595959595959596,0.95,0.9785608014849334,0.9100455034127843
1.4867256637168142,168,0.96,0.9603960396039604,0.9509803921568627,0.97,0.9864006353808252,0.9201840552184065
1.9823008849557522,224,0.96,0.9603960396039604,0.9509803921568627,0.97,0.987823368078844,0.9201840552184065
2.47787610619469,280,0.965,0.9655172413793104,0.9514563106796117,0.98,0.9867483427902297,0.9304187826995326
2.9734513274336285,336,0.96,0.9607843137254902,0.9423076923076923,0.98,0.986897604393493,0.9207368843792509
3.0,339,0.96,0.9607843137254902,0.9423076923076923,0.98,0.986897604393493,0.9207368843792509
